{"regist_target_img_scalef": 0.22882423, "tissue_hires_scalef": 0.076274745, "tissue_lowres_scalef": 0.022882422, "fiducial_diameter_fullres": 307.18338426266587, "spot_diameter_fullres": 204.78892738055976}