{"regist_target_img_scalef": 0.23560826, "tissue_hires_scalef": 0.078536086, "tissue_lowres_scalef": 0.023560826, "fiducial_diameter_fullres": 307.4325735869256, "spot_diameter_fullres": 204.95504905795042}