{"regist_target_img_scalef": 0.22115739, "tissue_hires_scalef": 0.07371913, "tissue_lowres_scalef": 0.022115739, "fiducial_diameter_fullres": 307.1575504783834, "spot_diameter_fullres": 204.7717048294965}