{"regist_target_img_scalef": 0.23487963, "tissue_hires_scalef": 0.07829321, "tissue_lowres_scalef": 0.023487963, "fiducial_diameter_fullres": 307.1936431097661, "spot_diameter_fullres": 204.79576207317743}