{"regist_target_img_scalef": 0.24526836, "tissue_hires_scalef": 0.08175612, "tissue_lowres_scalef": 0.024526836, "fiducial_diameter_fullres": 307.4688474940354, "spot_diameter_fullres": 204.97922712476213}