{"regist_target_img_scalef": 0.25496113, "tissue_hires_scalef": 0.08498704, "tissue_lowres_scalef": 0.025496112, "fiducial_diameter_fullres": 307.69165444376273, "spot_diameter_fullres": 205.12776061251756}